Generation,Fittest,Average,43
1,0.05555555555555555,0.031887087348499765
2,0.05555555555555555,0.034443526020291604
3,0.0625,0.036840071041950924
4,0.0625,0.03900679258371117
5,0.07692307692307693,0.04114942310481399
6,0.07692307692307693,0.042997831900860935
7,0.07692307692307693,0.04475668967815235
8,0.09090909090909091,0.04669616449333236
9,0.09090909090909091,0.04894998140442175
10,0.09090909090909091,0.05122867156638675
11,0.1,0.05334126158281008
12,0.1,0.055502957669773534
13,0.1,0.05792097176185994
14,0.1111111111111111,0.06078591056592354
15,0.1111111111111111,0.06362521985914829
16,0.125,0.06678148401227141
17,0.125,0.07004536039595131
18,0.125,0.07387573690589436
19,0.14285714285714285,0.07818028604865648
20,0.16666666666666666,0.08348263516117686
21,0.16666666666666666,0.08991790454638399
22,0.16666666666666666,0.0989241190730863
23,0.2,0.10938041819158957
24,0.2,0.11952753104937394
25,0.2,0.13093242127927193
26,0.25,0.1434365864364459
27,0.25,0.1582155741480702
28,0.25,0.17307660561659133
29,0.25,0.18664454045953086
30,0.25,0.19589279220780112
31,0.25,0.1992650000000143
32,0.25,0.20254619047620587
33,0.25,0.20825000000001884
34,0.25,0.2172835714285975
35,0.25,0.2312588888889054
36,0.25,0.24513714285714705
37,0.25,0.24862523809523931
38,0.25,0.24918333333333403
39,0.25,0.24910333333333415
40,0.25,0.24904666666666753
41,0.25,0.2493633333333339
42,0.25,0.24935666666666725
43,0.25,0.24938666666666723
44,0.25,0.2494933333333338
45,0.25,0.24955666666666707
46,0.25,0.24955666666666707
47,0.25,0.24962000000000034
48,0.25,0.24965000000000032
49,0.25,0.249626666666667
50,0.25,0.2497033333333336
51,0.25,0.24967666666666696
52,0.25,0.24969666666666696
53,0.25,0.2496700000000003
54,0.25,0.24979666666666686
55,0.25,0.24969000000000027
56,0.25,0.2497466666666669
57,0.25,0.24982333333333348
58,0.25,0.24979000000000018
59,0.25,0.24977333333333354
60,0.25,0.2498800000000001
61,0.25,0.24984000000000015
62,0.25,0.24985000000000013
63,0.25,0.2499533333333334
64,0.25,0.2499333333333334
65,0.25,0.2498800000000001
66,0.25,0.24990333333333342
67,0.25,0.24996000000000004
68,0.25,0.24989333333333344
69,0.25,0.24992333333333341
70,0.25,0.24993666666666672
71,0.25,0.24988333333333343
72,0.25,0.24993666666666672
73,0.25,0.24994000000000005
74,0.25,0.2499533333333334
75,0.25,0.2499466666666667
76,0.25,0.24994000000000005
77,0.25,0.2499000000000001
78,0.25,0.2499133333333334
79,0.25,0.2499333333333334
80,0.25,0.24992333333333341
81,0.25,0.24997333333333335
82,0.25,0.24997000000000003
83,0.25,0.24989333333333344
84,0.25,0.24995666666666672
85,0.25,0.2498466666666668
86,0.25,0.24997000000000003
87,0.25,0.24998
88,0.25,0.2499533333333334
89,0.25,0.24997000000000003
90,0.25,0.24995000000000003
91,0.25,0.24991666666666673
92,0.25,0.2499533333333334
93,0.25,0.24997000000000003
94,0.25,0.24997000000000003
95,0.25,0.2499200000000001
96,0.25,0.24998
97,0.25,0.24995666666666672
98,0.25,0.24997000000000003
99,0.25,0.24993666666666672
100,0.25,0.24996333333333337
101,0.25,0.24999000000000002
102,0.25,0.25
103,0.25,0.25
104,0.25,0.24997333333333335
105,0.25,0.24997333333333335
106,0.25,0.24999000000000002
107,0.25,0.24996000000000004
108,0.25,0.25
109,0.25,0.25
110,0.25,0.24998333333333334
111,0.25,0.24999000000000002
112,0.25,0.24999000000000002
113,0.25,0.2499466666666667
114,0.25,0.24997333333333335
115,0.25,0.24998
116,0.25,0.24998333333333334
117,0.25,0.24992666666666674
118,0.25,0.24999000000000002
119,0.25,0.2499466666666667
120,0.25,0.24996333333333337
121,0.25,0.25
122,0.25,0.24998
123,0.25,0.25
124,0.25,0.25
125,0.25,0.25
126,0.25,0.25
127,0.25,0.25
128,0.25,0.25
129,0.25,0.25
130,0.25,0.25
131,0.25,0.25
132,0.25,0.25
133,0.25,0.25
134,0.25,0.25
135,0.25,0.25
136,0.25,0.25
137,0.25,0.25
138,0.25,0.25
139,0.25,0.25
140,0.25,0.25
141,0.25,0.25
142,0.25,0.25
143,0.25,0.24998
144,0.25,0.25
145,0.25,0.25
146,0.25,0.25
147,0.25,0.25
148,0.25,0.25
149,0.25,0.25
150,0.25,0.25
151,0.25,0.25
152,0.25,0.25
153,0.25,0.25
154,0.25,0.25
155,0.25,0.25
156,0.25,0.25
157,0.25,0.25
158,0.25,0.25
159,0.25,0.25
160,0.25,0.25
161,0.25,0.25
162,0.25,0.25
163,0.25,0.25
164,0.25,0.25
165,0.25,0.24998
166,0.25,0.25
167,0.25,0.25
168,0.25,0.25
169,0.25,0.25
170,0.25,0.25
171,0.25,0.25
172,0.25,0.25
173,0.25,0.25
174,0.25,0.25
175,0.25,0.25
176,0.25,0.25
177,0.25,0.25
178,0.25,0.25
179,0.25,0.25
180,0.25,0.25
181,0.25,0.25
182,0.25,0.24999000000000002
183,0.25,0.25
184,0.25,0.25
185,0.25,0.25
186,0.25,0.25
187,0.25,0.25
188,0.25,0.25
189,0.25,0.25
190,0.25,0.25
191,0.25,0.25
192,0.25,0.25
193,0.25,0.25
194,0.25,0.25
195,0.25,0.25
196,0.25,0.25
197,0.25,0.25
198,0.25,0.25
199,0.25,0.25
200,0.25,0.25
201,0.25,0.25
202,0.25,0.25
203,0.25,0.25
204,0.25,0.25
205,0.25,0.25
206,0.25,0.25
207,0.25,0.25
208,0.25,0.25
209,0.25,0.25
210,0.25,0.25
211,0.25,0.25
212,0.25,0.25
213,0.25,0.25
214,0.25,0.25
215,0.25,0.25
216,0.25,0.25
217,0.25,0.25
218,0.25,0.25
219,0.25,0.25
220,0.25,0.25
221,0.25,0.25
222,0.25,0.25
223,0.25,0.25
224,0.25,0.25
225,0.25,0.25
226,0.25,0.25
227,0.25,0.25
228,0.25,0.25
229,0.25,0.25
230,0.25,0.25
231,0.25,0.25
232,0.25,0.25
233,0.25,0.25
234,0.25,0.25
235,0.25,0.25
236,0.25,0.25
237,0.25,0.25
238,0.25,0.25
239,0.25,0.25
240,0.25,0.25
241,0.25,0.25
242,0.25,0.25
243,0.25,0.25
244,0.25,0.25
245,0.25,0.25
246,0.25,0.25
247,0.25,0.25
248,0.25,0.25
249,0.25,0.25
250,0.25,0.25
251,0.25,0.25
252,0.25,0.25
253,0.25,0.25
254,0.25,0.25
255,0.25,0.25
256,0.25,0.25
257,0.25,0.25
258,0.25,0.25
259,0.25,0.25
260,0.25,0.25
261,0.25,0.25
262,0.25,0.25
263,0.25,0.25
264,0.25,0.25
265,0.25,0.25
266,0.25,0.25
267,0.25,0.25
268,0.25,0.25
269,0.25,0.25
270,0.25,0.25
271,0.25,0.25
272,0.25,0.25
273,0.25,0.25
274,0.25,0.25
275,0.25,0.25
276,0.25,0.25
277,0.25,0.25
278,0.25,0.25
279,0.25,0.25
280,0.25,0.25
281,0.25,0.25
282,0.25,0.25
283,0.25,0.25
284,0.25,0.25
285,0.25,0.25
286,0.25,0.25
287,0.25,0.25
288,0.25,0.25
289,0.25,0.25
290,0.25,0.25
291,0.25,0.25
292,0.25,0.25
293,0.25,0.25
294,0.25,0.25
295,0.25,0.25
296,0.25,0.25
297,0.25,0.25
298,0.25,0.25
299,0.25,0.25
300,0.25,0.25
301,0.25,0.25
302,0.25,0.25
303,0.25,0.25
304,0.25,0.25
305,0.25,0.25
306,0.25,0.25
307,0.25,0.25
308,0.25,0.25
309,0.25,0.25
310,0.25,0.25
311,0.25,0.25
312,0.25,0.25
313,0.25,0.25
314,0.25,0.25
315,0.25,0.25
316,0.25,0.25
317,0.25,0.25
318,0.25,0.25
319,0.25,0.25
320,0.25,0.25
321,0.25,0.25
322,0.25,0.25
323,0.25,0.25
324,0.25,0.25
325,0.25,0.25
326,0.25,0.25
327,0.25,0.25
328,0.25,0.25
329,0.25,0.25
330,0.25,0.25
331,0.25,0.25
332,0.25,0.25
333,0.25,0.25
334,0.25,0.25
335,0.25,0.25
336,0.25,0.25
337,0.25,0.25
338,0.25,0.25
339,0.25,0.25
340,0.25,0.25
341,0.25,0.25
342,0.25,0.25
343,0.25,0.25
344,0.25,0.25
345,0.25,0.25
346,0.25,0.25
347,0.25,0.25
348,0.25,0.25
349,0.25,0.25
350,0.25,0.25
351,0.25,0.25
352,0.25,0.25
353,0.25,0.25
354,0.25,0.25
355,0.25,0.25
356,0.25,0.25
357,0.25,0.25
358,0.25,0.25
359,0.25,0.25
360,0.25,0.25
361,0.25,0.25
362,0.25,0.25
363,0.25,0.25
364,0.25,0.25
365,0.25,0.25
366,0.25,0.25
367,0.25,0.25
368,0.25,0.25
369,0.25,0.25
370,0.25,0.25
371,0.25,0.25
372,0.25,0.25
373,0.25,0.25
374,0.25,0.25
375,0.25,0.25
376,0.25,0.25
377,0.25,0.25
378,0.25,0.25
379,0.25,0.25
380,0.25,0.25
381,0.25,0.25
382,0.25,0.25
383,0.25,0.25
384,0.25,0.25
385,0.25,0.25
386,0.25,0.25
387,0.25,0.25
388,0.25,0.25
389,0.25,0.25
390,0.25,0.25
391,0.25,0.25
392,0.25,0.25
393,0.25,0.25
394,0.25,0.25
395,0.25,0.25
396,0.25,0.25
397,0.25,0.25
398,0.25,0.25
399,0.25,0.25
400,0.25,0.25
401,0.25,0.25
402,0.25,0.25
403,0.25,0.25
404,0.25,0.25
405,0.25,0.25
406,0.25,0.25
407,0.25,0.25
408,0.25,0.25
409,0.25,0.25
410,0.25,0.25
411,0.25,0.25
412,0.25,0.25
413,0.25,0.25
414,0.25,0.25
415,0.25,0.25
416,0.25,0.25
417,0.25,0.25
418,0.25,0.25
419,0.25,0.25
420,0.25,0.25
421,0.25,0.25
422,0.25,0.25
423,0.25,0.25
424,0.25,0.25
425,0.25,0.25
426,0.25,0.25
427,0.25,0.25
428,0.25,0.25
429,0.25,0.25
430,0.25,0.25
431,0.25,0.25
432,0.25,0.25
433,0.25,0.25
434,0.25,0.25
435,0.25,0.25
436,0.25,0.25
437,0.25,0.25
438,0.25,0.25
439,0.25,0.25
440,0.25,0.25
441,0.25,0.25
442,0.25,0.25
443,0.25,0.25
444,0.25,0.25
445,0.25,0.25
446,0.25,0.25
447,0.25,0.25
448,0.25,0.25
449,0.25,0.25
450,0.25,0.25
451,0.25,0.25
452,0.25,0.25
453,0.25,0.25
454,0.25,0.25
455,0.25,0.25
456,0.25,0.25
457,0.25,0.25
458,0.25,0.25
459,0.25,0.25
460,0.25,0.25
461,0.25,0.25
462,0.25,0.25
463,0.25,0.25
464,0.25,0.25
465,0.25,0.25
466,0.25,0.25
467,0.25,0.25
468,0.25,0.25
469,0.25,0.25
470,0.25,0.25
471,0.25,0.25
472,0.25,0.25
473,0.25,0.25
474,0.25,0.25
475,0.25,0.25
476,0.25,0.25
477,0.25,0.25
478,0.25,0.25
479,0.25,0.25
480,0.25,0.25
481,0.25,0.25
482,0.25,0.25
483,0.25,0.25
484,0.25,0.25
485,0.25,0.25
486,0.25,0.25
487,0.25,0.25
488,0.25,0.25
489,0.25,0.25
490,0.25,0.25
491,0.25,0.25
492,0.25,0.25
493,0.25,0.25
494,0.25,0.25
495,0.25,0.25
496,0.25,0.25
497,0.25,0.25
498,0.25,0.25
499,0.25,0.25
Generation,Fittest,Average,3
1,0.0625,0.03203498035582499
2,0.0625,0.03474359139295247
3,0.0625,0.03709482916556604
4,0.0625,0.03922823291815712
5,0.0625,0.0411422394457457
6,0.0625,0.043062587811122356
7,0.07142857142857142,0.04483781768105435
8,0.07142857142857142,0.046437265441043034
9,0.07142857142857142,0.04829008107188499
10,0.07692307692307693,0.05040931593795353
11,0.07692307692307693,0.053044765438356886
12,0.09090909090909091,0.05580448034813037
13,0.09090909090909091,0.05879202137053062
14,0.09090909090909091,0.061421583696582356
15,0.1,0.06405073963777755
16,0.1111111111111111,0.06740522477699014
17,0.1111111111111111,0.07156293200024655
18,0.125,0.07654308267135757
19,0.125,0.0816313705257188
20,0.125,0.08692311328704093
21,0.125,0.09220354640998374
22,0.14285714285714285,0.09751841213825292
23,0.16666666666666666,0.10293587725484328
24,0.16666666666666666,0.10773604837972384
25,0.16666666666666666,0.11192394800417685
26,0.16666666666666666,0.11630094826741634
27,0.16666666666666666,0.12055641030538015
28,0.16666666666666666,0.12469353030526399
29,0.2,0.12988999080984615
30,0.2,0.13501561557724037
31,0.2,0.14034110148022652
32,0.2,0.14649959013209304
33,0.2,0.15388044899544692
34,0.25,0.160776946941942
35,0.25,0.1667795326895255
36,0.25,0.17274020646019433
37,0.25,0.1797083153774143
38,0.25,0.1862748723498653
39,0.25,0.19328353979354032
40,0.25,0.20206001165501933
41,0.25,0.21460705849707395
42,0.25,0.2302614357864495
43,0.25,0.24331254689755177
44,0.25,0.2466869047619072
45,0.25,0.2466374603174626
46,0.25,0.24763777777777968
47,0.25,0.247707460317462
48,0.25,0.24798222222222366
49,0.25,0.24839357142857257
50,0.25,0.2482557142857156
51,0.25,0.2485642857142868
52,0.25,0.2486569047619058
53,0.25,0.24883880952381052
54,0.25,0.2490002380952389
55,0.25,0.2488910317460326
56,0.25,0.24912071428571494
57,0.25,0.2491950000000006
58,0.25,0.2492388888888895
59,0.25,0.24933547619047658
60,0.25,0.24903690476190538
61,0.25,0.24929436507936556
62,0.25,0.24943500000000043
63,0.25,0.2494433333333338
64,0.25,0.24956500000000031
65,0.25,0.24946333333333368
66,0.25,0.24963500000000027
67,0.25,0.2495700000000003
68,0.25,0.24954833333333362
69,0.25,0.24963333333333357
70,0.25,0.2496783333333336
71,0.25,0.24970000000000023
72,0.25,0.24965833333333357
73,0.25,0.2498000000000002
74,0.25,0.24967000000000025
75,0.25,0.24979000000000018
76,0.25,0.24982500000000013
77,0.25,0.24976500000000018
78,0.25,0.2497500000000002
79,0.25,0.2497100000000002
80,0.25,0.24982000000000015
81,0.25,0.2498250000000001
82,0.25,0.24983500000000008
83,0.25,0.2499000000000001
84,0.25,0.24991000000000008
85,0.25,0.24979500000000013
86,0.25,0.24988500000000008
87,0.25,0.24994000000000005
88,0.25,0.24987000000000012
89,0.25,0.24994000000000005
90,0.25,0.24994000000000005
91,0.25,0.2498900000000001
92,0.25,0.24993000000000007
93,0.25,0.24994000000000005
94,0.25,0.24998
95,0.25,0.24994000000000005
96,0.25,0.2499200000000001
97,0.25,0.24996000000000004
98,0.25,0.24996000000000004
99,0.25,0.24998
100,0.25,0.24993000000000007
101,0.25,0.24995000000000003
102,0.25,0.24997000000000003
103,0.25,0.24994000000000005
104,0.25,0.24997000000000003
105,0.25,0.2499200000000001
106,0.25,0.24995000000000003
107,0.25,0.24993000000000007
108,0.25,0.24993000000000007
109,0.25,0.24994000000000005
110,0.25,0.24993000000000007
111,0.25,0.24996000000000004
112,0.25,0.24994000000000005
113,0.25,0.24999000000000002
114,0.25,0.24993000000000007
115,0.25,0.24994000000000005
116,0.25,0.24996000000000004
117,0.25,0.24995000000000003
118,0.25,0.24993000000000007
119,0.25,0.24995000000000003
120,0.25,0.2499200000000001
121,0.25,0.24993000000000007
122,0.25,0.24987000000000012
123,0.25,0.24993000000000007
124,0.25,0.24994000000000005
125,0.25,0.24998
126,0.25,0.24994000000000005
127,0.25,0.24993000000000007
128,0.25,0.24991000000000008
129,0.25,0.2499200000000001
130,0.25,0.2499000000000001
131,0.25,0.24995000000000003
132,0.25,0.24993000000000007
133,0.25,0.24996000000000004
134,0.25,0.24999000000000002
135,0.25,0.24994000000000005
136,0.25,0.24997000000000003
137,0.25,0.24995000000000003
138,0.25,0.24998
139,0.25,0.2499000000000001
140,0.25,0.24997000000000003
141,0.25,0.24999000000000002
142,0.25,0.24995000000000003
143,0.25,0.24994000000000005
144,0.25,0.24999000000000002
145,0.25,0.24995000000000003
146,0.25,0.24996000000000004
147,0.25,0.24999000000000002
148,0.25,0.24997000000000003
149,0.25,0.24991000000000008
150,0.25,0.24997000000000003
151,0.25,0.24995000000000003
152,0.25,0.24995000000000003
153,0.25,0.24997000000000003
154,0.25,0.24998
155,0.25,0.24999000000000002
156,0.25,0.24996000000000004
157,0.25,0.25
158,0.25,0.24998
159,0.25,0.24998
160,0.25,0.24999000000000002
161,0.25,0.25
162,0.25,0.24993000000000007
163,0.25,0.24999000000000002
164,0.25,0.24999000000000002
165,0.25,0.25
166,0.25,0.24999000000000002
167,0.25,0.24999000000000002
168,0.25,0.24996000000000004
169,0.25,0.25
170,0.25,0.24999000000000002
171,0.25,0.24998
172,0.25,0.25
173,0.25,0.24999000000000002
174,0.25,0.24998
175,0.25,0.24999000000000002
176,0.25,0.24999000000000002
177,0.25,0.24997000000000003
178,0.25,0.25
179,0.25,0.24997000000000003
180,0.25,0.24998
181,0.25,0.24999000000000002
182,0.25,0.25
183,0.25,0.25
184,0.25,0.24999000000000002
185,0.25,0.25
186,0.25,0.25
187,0.25,0.24999000000000002
188,0.25,0.24999000000000002
189,0.25,0.25
190,0.25,0.25
191,0.25,0.24996000000000004
192,0.25,0.24997000000000003
193,0.25,0.24998
194,0.25,0.25
195,0.25,0.25
196,0.25,0.25
197,0.25,0.25
198,0.25,0.25
199,0.25,0.25
200,0.25,0.25
201,0.25,0.25
202,0.25,0.25
203,0.25,0.25
204,0.25,0.24999000000000002
205,0.25,0.25
206,0.25,0.24999000000000002
207,0.25,0.24999000000000002
208,0.25,0.24999000000000002
209,0.25,0.25
210,0.25,0.25
211,0.25,0.25
212,0.25,0.24999000000000002
213,0.25,0.25
214,0.25,0.25
215,0.25,0.25
216,0.25,0.25
217,0.25,0.25
218,0.25,0.24999000000000002
219,0.25,0.25
220,0.25,0.25
221,0.25,0.25
222,0.25,0.25
223,0.25,0.24999000000000002
224,0.25,0.25
225,0.25,0.25
226,0.25,0.25
227,0.25,0.25
228,0.25,0.25
229,0.25,0.25
230,0.25,0.25
231,0.25,0.25
232,0.25,0.25
233,0.25,0.25
234,0.25,0.25
235,0.25,0.25
236,0.25,0.25
237,0.25,0.25
238,0.25,0.25
239,0.25,0.25
240,0.25,0.25
241,0.25,0.25
242,0.25,0.25
243,0.25,0.25
244,0.25,0.24999000000000002
245,0.25,0.25
246,0.25,0.25
247,0.25,0.24999000000000002
248,0.25,0.25
249,0.25,0.25
250,0.25,0.25
251,0.25,0.25
252,0.25,0.25
253,0.25,0.25
254,0.25,0.25
255,0.25,0.25
256,0.25,0.25
257,0.25,0.25
258,0.25,0.25
259,0.25,0.25
260,0.25,0.25
261,0.25,0.25
262,0.25,0.25
263,0.25,0.24999000000000002
264,0.25,0.25
265,0.25,0.25
266,0.25,0.24999000000000002
267,0.25,0.25
268,0.25,0.25
269,0.25,0.25
270,0.25,0.25
271,0.25,0.25
272,0.25,0.25
273,0.25,0.25
274,0.25,0.25
275,0.25,0.25
276,0.25,0.25
277,0.25,0.25
278,0.25,0.24999000000000002
279,0.25,0.25
280,0.25,0.25
281,0.25,0.24998
282,0.25,0.25
283,0.25,0.25
284,0.25,0.25
285,0.25,0.25
286,0.25,0.25
287,0.25,0.24999000000000002
288,0.25,0.25
289,0.25,0.25
290,0.25,0.25
291,0.25,0.25
292,0.25,0.25
293,0.25,0.25
294,0.25,0.25
295,0.25,0.25
296,0.25,0.25
297,0.25,0.25
298,0.25,0.25
299,0.25,0.25
300,0.25,0.25
301,0.25,0.25
302,0.25,0.25
303,0.25,0.25
304,0.25,0.25
305,0.25,0.25
306,0.25,0.25
307,0.25,0.25
308,0.25,0.25
309,0.25,0.25
310,0.25,0.25
311,0.25,0.25
312,0.25,0.25
313,0.25,0.25
314,0.25,0.25
315,0.25,0.25
316,0.25,0.25
317,0.25,0.25
318,0.25,0.25
319,0.25,0.25
320,0.25,0.25
321,0.25,0.25
322,0.25,0.25
323,0.25,0.25
324,0.25,0.25
325,0.25,0.25
326,0.25,0.25
327,0.25,0.25
328,0.25,0.25
329,0.25,0.25
330,0.25,0.25
331,0.25,0.25
332,0.25,0.25
333,0.25,0.25
334,0.25,0.25
335,0.25,0.25
336,0.25,0.25
337,0.25,0.25
338,0.25,0.25
339,0.25,0.25
340,0.25,0.25
341,0.25,0.25
342,0.25,0.25
343,0.25,0.25
344,0.25,0.25
345,0.25,0.25
346,0.25,0.25
347,0.25,0.25
348,0.25,0.25
349,0.25,0.25
350,0.25,0.25
351,0.25,0.25
352,0.25,0.25
353,0.25,0.25
354,0.25,0.25
355,0.25,0.25
356,0.25,0.25
357,0.25,0.25
358,0.25,0.25
359,0.25,0.25
360,0.25,0.25
361,0.25,0.25
362,0.25,0.25
363,0.25,0.25
364,0.25,0.25
365,0.25,0.25
366,0.25,0.25
367,0.25,0.25
368,0.25,0.25
369,0.25,0.25
370,0.25,0.25
371,0.25,0.25
372,0.25,0.25
373,0.25,0.25
374,0.25,0.25
375,0.25,0.25
376,0.25,0.25
377,0.25,0.25
378,0.25,0.25
379,0.25,0.25
380,0.25,0.25
381,0.25,0.25
382,0.25,0.25
383,0.25,0.25
384,0.25,0.25
385,0.25,0.25
386,0.25,0.25
387,0.25,0.25
388,0.25,0.25
389,0.25,0.25
390,0.25,0.25
391,0.25,0.25
392,0.25,0.25
393,0.25,0.25
394,0.25,0.25
395,0.25,0.25
396,0.25,0.25
397,0.25,0.25
398,0.25,0.25
399,0.25,0.25
400,0.25,0.25
401,0.25,0.25
402,0.25,0.25
403,0.25,0.25
404,0.25,0.25
405,0.25,0.25
406,0.25,0.25
407,0.25,0.25
408,0.25,0.25
409,0.25,0.25
410,0.25,0.25
411,0.25,0.25
412,0.25,0.25
413,0.25,0.25
414,0.25,0.25
415,0.25,0.25
416,0.25,0.25
417,0.25,0.25
418,0.25,0.25
419,0.25,0.25
420,0.25,0.25
421,0.25,0.25
422,0.25,0.25
423,0.25,0.25
424,0.25,0.25
425,0.25,0.25
426,0.25,0.25
427,0.25,0.25
428,0.25,0.25
429,0.25,0.25
430,0.25,0.25
431,0.25,0.25
432,0.25,0.25
433,0.25,0.25
434,0.25,0.25
435,0.25,0.25
436,0.25,0.25
437,0.25,0.25
438,0.25,0.25
439,0.25,0.25
440,0.25,0.25
441,0.25,0.25
442,0.25,0.25
443,0.25,0.25
444,0.25,0.25
445,0.25,0.25
446,0.25,0.25
447,0.25,0.25
448,0.25,0.25
449,0.25,0.25
450,0.25,0.25
451,0.25,0.25
452,0.25,0.25
453,0.25,0.25
454,0.25,0.25
455,0.25,0.25
456,0.25,0.25
457,0.25,0.25
458,0.25,0.25
459,0.25,0.25
460,0.25,0.25
461,0.25,0.25
462,0.25,0.25
463,0.25,0.25
464,0.25,0.25
465,0.25,0.25
466,0.25,0.25
467,0.25,0.25
468,0.25,0.25
469,0.25,0.25
470,0.25,0.25
471,0.25,0.25
472,0.25,0.25
473,0.25,0.25
474,0.25,0.25
475,0.25,0.25
476,0.25,0.25
477,0.25,0.25
478,0.25,0.25
479,0.25,0.25
480,0.25,0.25
481,0.25,0.25
482,0.25,0.25
483,0.25,0.25
484,0.25,0.25
485,0.25,0.25
486,0.25,0.25
487,0.25,0.25
488,0.25,0.25
489,0.25,0.25
490,0.25,0.25
491,0.25,0.25
492,0.25,0.25
493,0.25,0.25
494,0.25,0.25
495,0.25,0.25
496,0.25,0.25
497,0.25,0.25
498,0.25,0.25
499,0.25,0.25
Generation,Fittest,Average,77
1,0.05263157894736842,0.03206956434209111
2,0.058823529411764705,0.03480291286156804
3,0.0625,0.03730116327391855
4,0.0625,0.03954162117102632
5,0.08333333333333333,0.0417346553236484
6,0.08333333333333333,0.0436105235322063
7,0.08333333333333333,0.04561297687923247
8,0.08333333333333333,0.047367506389755794
9,0.08333333333333333,0.049289253438251746
10,0.08333333333333333,0.05114042421339839
11,0.08333333333333333,0.053411378394856567
12,0.08333333333333333,0.0561254141947967
13,0.1111111111111111,0.05955633075947068
14,0.1111111111111111,0.06376999572359321
15,0.1111111111111111,0.0689575918117423
16,0.1111111111111111,0.07553001080473962
17,0.125,0.08175472081729857
18,0.125,0.08660949176437477
19,0.125,0.09138009082042925
20,0.14285714285714285,0.09683744119398756
21,0.16666666666666666,0.1019601551793609
22,0.16666666666666666,0.10675680112371415
23,0.16666666666666666,0.1107824574075712
24,0.2,0.11485306201967321
25,0.2,0.12015139943389497
26,0.25,0.1265288095238068
27,0.25,0.1336394433344461
28,0.25,0.14150970751471492
29,0.25,0.15004826451326525
30,0.25,0.15996237096236623
31,0.3333333333333333,0.1701352258852149
32,0.3333333333333333,0.18066863358861457
33,0.3333333333333333,0.19214016095015599
34,0.3333333333333333,0.20344029304029956
35,0.3333333333333333,0.2128719430569534
36,0.3333333333333333,0.22574930236431642
37,0.3333333333333333,0.24147300865801757
38,0.3333333333333333,0.25884826839827213
39,0.3333333333333333,0.2817709668109753
40,0.3333333333333333,0.3095187518037522
41,0.3333333333333333,0.32770928571427055
42,0.3333333333333333,0.3304745238095063
43,0.3333333333333333,0.3316604761904577
44,0.3333333333333333,0.33193047619045746
45,0.3333333333333333,0.3320040476190288
46,0.3333333333333333,0.3320304761904574
47,0.3333333333333333,0.3324516666666475
48,0.3333333333333333,0.3324852380952189
49,0.3333333333333333,0.33266666666664735
50,0.3333333333333333,0.3330352380952184
51,0.3333333333333333,0.33301666666664703
52,0.3333333333333333,0.33274523809521867
53,0.3333333333333333,0.33306999999998027
54,0.3333333333333333,0.33305666666664696
55,0.3333333333333333,0.3331299999999802
56,0.3333333333333333,0.33308333333331364
57,0.3333333333333333,0.3331333333333136
58,0.3333333333333333,0.33314999999998024
59,0.3333333333333333,0.33309999999998025
60,0.3333333333333333,0.33314999999998024
61,0.3333333333333333,0.33316666666664685
62,0.3333333333333333,0.33323333333331345
63,0.3333333333333333,0.3331333333333136
64,0.3333333333333333,0.33323333333331345
65,0.3333333333333333,0.3331999999999802
66,0.3333333333333333,0.33328333333331345
67,0.3333333333333333,0.33321666666664684
68,0.3333333333333333,0.33329999999998006
69,0.3333333333333333,0.3331999999999802
70,0.3333333333333333,0.3331333333333136
71,0.3333333333333333,0.33323333333331345
72,0.3333333333333333,0.33328333333331345
73,0.3333333333333333,0.3333166666666467
74,0.3333333333333333,0.33321666666664684
75,0.3333333333333333,0.33328333333331345
76,0.3333333333333333,0.33329999999998006
77,0.3333333333333333,0.33329999999998006
78,0.3333333333333333,0.33329999999998006
79,0.3333333333333333,0.33329999999998006
80,0.3333333333333333,0.3333333333333134
81,0.3333333333333333,0.3332666666666468
82,0.3333333333333333,0.3333333333333134
83,0.3333333333333333,0.3333333333333134
84,0.3333333333333333,0.3333333333333134
85,0.3333333333333333,0.3333333333333134
86,0.3333333333333333,0.3333166666666467
87,0.3333333333333333,0.3333333333333134
88,0.3333333333333333,0.3333166666666467
89,0.3333333333333333,0.3333333333333134
90,0.3333333333333333,0.3333333333333134
91,0.3333333333333333,0.3333333333333134
92,0.3333333333333333,0.3333166666666467
93,0.3333333333333333,0.3333333333333134
94,0.3333333333333333,0.3333166666666467
95,0.3333333333333333,0.3333166666666467
96,0.3333333333333333,0.3333333333333134
97,0.3333333333333333,0.3333166666666467
98,0.3333333333333333,0.3333166666666467
99,0.3333333333333333,0.3333166666666467
100,0.3333333333333333,0.3333166666666467
101,0.3333333333333333,0.33329999999998006
102,0.3333333333333333,0.3333166666666467
103,0.3333333333333333,0.33329999999998006
104,0.3333333333333333,0.3333333333333134
105,0.3333333333333333,0.3333333333333134
106,0.3333333333333333,0.33329999999998006
107,0.3333333333333333,0.3333333333333134
108,0.3333333333333333,0.3333333333333134
109,0.3333333333333333,0.3333333333333134
110,0.3333333333333333,0.3333333333333134
111,0.3333333333333333,0.3333166666666467
112,0.3333333333333333,0.3333333333333134
113,0.3333333333333333,0.3333333333333134
114,0.3333333333333333,0.3333333333333134
115,0.3333333333333333,0.3333333333333134
116,0.3333333333333333,0.3333333333333134
117,0.3333333333333333,0.3333333333333134
118,0.3333333333333333,0.3333333333333134
119,0.3333333333333333,0.3333333333333134
120,0.3333333333333333,0.3333333333333134
121,0.3333333333333333,0.3333333333333134
122,0.3333333333333333,0.3333333333333134
123,0.3333333333333333,0.3333333333333134
124,0.3333333333333333,0.3333333333333134
125,0.3333333333333333,0.3333333333333134
126,0.3333333333333333,0.3333333333333134
127,0.3333333333333333,0.3333333333333134
128,0.3333333333333333,0.3333333333333134
129,0.3333333333333333,0.3333333333333134
130,0.3333333333333333,0.3333333333333134
131,0.3333333333333333,0.3333333333333134
132,0.3333333333333333,0.3333333333333134
133,0.3333333333333333,0.3333333333333134
134,0.3333333333333333,0.3333333333333134
135,0.3333333333333333,0.3333333333333134
136,0.3333333333333333,0.3333333333333134
137,0.3333333333333333,0.3333333333333134
138,0.3333333333333333,0.3333333333333134
139,0.3333333333333333,0.3333333333333134
140,0.3333333333333333,0.3333333333333134
141,0.3333333333333333,0.3333333333333134
142,0.3333333333333333,0.3333333333333134
143,0.3333333333333333,0.3333333333333134
144,0.3333333333333333,0.3333333333333134
145,0.3333333333333333,0.3333333333333134
146,0.3333333333333333,0.3333333333333134
147,0.3333333333333333,0.3333333333333134
148,0.3333333333333333,0.3333333333333134
149,0.3333333333333333,0.3333333333333134
150,0.3333333333333333,0.3333333333333134
151,0.3333333333333333,0.3333333333333134
152,0.3333333333333333,0.3333333333333134
153,0.3333333333333333,0.3333333333333134
154,0.3333333333333333,0.3333333333333134
155,0.3333333333333333,0.3333333333333134
156,0.3333333333333333,0.3333333333333134
157,0.3333333333333333,0.3333333333333134
158,0.3333333333333333,0.3333333333333134
159,0.3333333333333333,0.3333333333333134
160,0.3333333333333333,0.3333333333333134
161,0.3333333333333333,0.3333333333333134
162,0.3333333333333333,0.3333333333333134
163,0.3333333333333333,0.3333333333333134
164,0.3333333333333333,0.3333333333333134
165,0.3333333333333333,0.3333333333333134
166,0.3333333333333333,0.3333333333333134
167,0.3333333333333333,0.3333333333333134
168,0.3333333333333333,0.3333333333333134
169,0.3333333333333333,0.3333333333333134
170,0.3333333333333333,0.3333333333333134
171,0.3333333333333333,0.3333333333333134
172,0.3333333333333333,0.3333333333333134
173,0.3333333333333333,0.3333333333333134
174,0.3333333333333333,0.3333333333333134
175,0.3333333333333333,0.3333333333333134
176,0.3333333333333333,0.3333333333333134
177,0.3333333333333333,0.3333333333333134
178,0.3333333333333333,0.3333333333333134
179,0.3333333333333333,0.3333333333333134
180,0.3333333333333333,0.3333333333333134
181,0.3333333333333333,0.3333333333333134
182,0.3333333333333333,0.3333333333333134
183,0.3333333333333333,0.3333333333333134
184,0.3333333333333333,0.3333333333333134
185,0.3333333333333333,0.3333333333333134
186,0.3333333333333333,0.3333333333333134
187,0.3333333333333333,0.3333333333333134
188,0.3333333333333333,0.3333333333333134
189,0.3333333333333333,0.3333333333333134
190,0.3333333333333333,0.3333333333333134
191,0.3333333333333333,0.3333333333333134
192,0.3333333333333333,0.3333333333333134
193,0.3333333333333333,0.3333333333333134
194,0.3333333333333333,0.3333333333333134
195,0.3333333333333333,0.3333333333333134
196,0.3333333333333333,0.3333333333333134
197,0.3333333333333333,0.3333333333333134
198,0.3333333333333333,0.3333333333333134
199,0.3333333333333333,0.3333333333333134
200,0.3333333333333333,0.3333333333333134
201,0.3333333333333333,0.3333333333333134
202,0.3333333333333333,0.3333333333333134
203,0.3333333333333333,0.3333333333333134
204,0.3333333333333333,0.3333333333333134
205,0.3333333333333333,0.3333333333333134
206,0.3333333333333333,0.3333333333333134
207,0.3333333333333333,0.3333333333333134
208,0.3333333333333333,0.3333333333333134
209,0.3333333333333333,0.3333333333333134
210,0.3333333333333333,0.3333333333333134
211,0.3333333333333333,0.3333333333333134
212,0.3333333333333333,0.3333333333333134
213,0.3333333333333333,0.3333333333333134
214,0.3333333333333333,0.3333333333333134
215,0.3333333333333333,0.3333333333333134
216,0.3333333333333333,0.3333333333333134
217,0.3333333333333333,0.3333333333333134
218,0.3333333333333333,0.3333333333333134
219,0.3333333333333333,0.3333333333333134
220,0.3333333333333333,0.3333333333333134
221,0.3333333333333333,0.3333333333333134
222,0.3333333333333333,0.3333333333333134
223,0.3333333333333333,0.3333333333333134
224,0.3333333333333333,0.3333333333333134
225,0.3333333333333333,0.3333333333333134
226,0.3333333333333333,0.3333333333333134
227,0.3333333333333333,0.3333333333333134
228,0.3333333333333333,0.3333333333333134
229,0.3333333333333333,0.3333333333333134
230,0.3333333333333333,0.3333333333333134
231,0.3333333333333333,0.3333333333333134
232,0.3333333333333333,0.3333333333333134
233,0.3333333333333333,0.3333333333333134
234,0.3333333333333333,0.3333333333333134
235,0.3333333333333333,0.3333333333333134
236,0.3333333333333333,0.3333333333333134
237,0.3333333333333333,0.3333333333333134
238,0.3333333333333333,0.3333333333333134
239,0.3333333333333333,0.3333333333333134
240,0.3333333333333333,0.3333333333333134
241,0.3333333333333333,0.3333333333333134
242,0.3333333333333333,0.3333333333333134
243,0.3333333333333333,0.3333333333333134
244,0.3333333333333333,0.3333333333333134
245,0.3333333333333333,0.3333333333333134
246,0.3333333333333333,0.3333333333333134
247,0.3333333333333333,0.3333333333333134
248,0.3333333333333333,0.3333333333333134
249,0.3333333333333333,0.3333333333333134
250,0.3333333333333333,0.3333333333333134
251,0.3333333333333333,0.3333333333333134
252,0.3333333333333333,0.3333333333333134
253,0.3333333333333333,0.3333333333333134
254,0.3333333333333333,0.3333333333333134
255,0.3333333333333333,0.3333333333333134
256,0.3333333333333333,0.3333333333333134
257,0.3333333333333333,0.3333333333333134
258,0.3333333333333333,0.3333333333333134
259,0.3333333333333333,0.3333333333333134
260,0.3333333333333333,0.3333333333333134
261,0.3333333333333333,0.3333333333333134
262,0.3333333333333333,0.3333333333333134
263,0.3333333333333333,0.3333333333333134
264,0.3333333333333333,0.3333333333333134
265,0.3333333333333333,0.3333333333333134
266,0.3333333333333333,0.3333333333333134
267,0.3333333333333333,0.3333333333333134
268,0.3333333333333333,0.3333333333333134
269,0.3333333333333333,0.3333333333333134
270,0.3333333333333333,0.3333333333333134
271,0.3333333333333333,0.3333333333333134
272,0.3333333333333333,0.3333333333333134
273,0.3333333333333333,0.3333333333333134
274,0.3333333333333333,0.3333333333333134
275,0.3333333333333333,0.3333333333333134
276,0.3333333333333333,0.3333333333333134
277,0.3333333333333333,0.3333333333333134
278,0.3333333333333333,0.3333333333333134
279,0.3333333333333333,0.3333333333333134
280,0.3333333333333333,0.3333333333333134
281,0.3333333333333333,0.3333333333333134
282,0.3333333333333333,0.3333333333333134
283,0.3333333333333333,0.3333333333333134
284,0.3333333333333333,0.3333333333333134
285,0.3333333333333333,0.3333333333333134
286,0.3333333333333333,0.3333333333333134
287,0.3333333333333333,0.3333333333333134
288,0.3333333333333333,0.3333333333333134
289,0.3333333333333333,0.3333333333333134
290,0.3333333333333333,0.3333333333333134
291,0.3333333333333333,0.3333333333333134
292,0.3333333333333333,0.3333333333333134
293,0.3333333333333333,0.3333333333333134
294,0.3333333333333333,0.3333333333333134
295,0.3333333333333333,0.3333333333333134
296,0.3333333333333333,0.3333333333333134
297,0.3333333333333333,0.3333333333333134
298,0.3333333333333333,0.3333333333333134
299,0.3333333333333333,0.3333333333333134
300,0.3333333333333333,0.3333333333333134
301,0.3333333333333333,0.3333333333333134
302,0.3333333333333333,0.3333333333333134
303,0.3333333333333333,0.3333333333333134
304,0.3333333333333333,0.3333333333333134
305,0.3333333333333333,0.3333333333333134
306,0.3333333333333333,0.3333333333333134
307,0.3333333333333333,0.3333333333333134
308,0.3333333333333333,0.3333333333333134
309,0.3333333333333333,0.3333333333333134
310,0.3333333333333333,0.3333333333333134
311,0.3333333333333333,0.3333333333333134
312,0.3333333333333333,0.3333333333333134
313,0.3333333333333333,0.3333333333333134
314,0.3333333333333333,0.3333333333333134
315,0.3333333333333333,0.3333333333333134
316,0.3333333333333333,0.3333333333333134
317,0.3333333333333333,0.3333333333333134
318,0.3333333333333333,0.3333333333333134
319,0.3333333333333333,0.3333333333333134
320,0.3333333333333333,0.3333333333333134
321,0.3333333333333333,0.3333333333333134
322,0.3333333333333333,0.3333333333333134
323,0.3333333333333333,0.3333333333333134
324,0.3333333333333333,0.3333333333333134
325,0.3333333333333333,0.3333333333333134
326,0.3333333333333333,0.3333333333333134
327,0.3333333333333333,0.3333333333333134
328,0.3333333333333333,0.3333333333333134
329,0.3333333333333333,0.3333333333333134
330,0.3333333333333333,0.3333333333333134
331,0.3333333333333333,0.3333333333333134
332,0.3333333333333333,0.3333333333333134
333,0.3333333333333333,0.3333333333333134
334,0.3333333333333333,0.3333333333333134
335,0.3333333333333333,0.3333333333333134
336,0.3333333333333333,0.3333333333333134
337,0.3333333333333333,0.3333333333333134
338,0.3333333333333333,0.3333333333333134
339,0.3333333333333333,0.3333333333333134
340,0.3333333333333333,0.3333333333333134
341,0.3333333333333333,0.3333333333333134
342,0.3333333333333333,0.3333333333333134
343,0.3333333333333333,0.3333333333333134
344,0.3333333333333333,0.3333333333333134
345,0.3333333333333333,0.3333333333333134
346,0.3333333333333333,0.3333333333333134
347,0.3333333333333333,0.3333333333333134
348,0.3333333333333333,0.3333333333333134
349,0.3333333333333333,0.3333333333333134
350,0.3333333333333333,0.3333333333333134
351,0.3333333333333333,0.3333333333333134
352,0.3333333333333333,0.3333333333333134
353,0.3333333333333333,0.3333333333333134
354,0.3333333333333333,0.3333333333333134
355,0.3333333333333333,0.3333333333333134
356,0.3333333333333333,0.3333333333333134
357,0.3333333333333333,0.3333333333333134
358,0.3333333333333333,0.3333333333333134
359,0.3333333333333333,0.3333333333333134
360,0.3333333333333333,0.3333333333333134
361,0.3333333333333333,0.3333333333333134
362,0.3333333333333333,0.3333333333333134
363,0.3333333333333333,0.3333333333333134
364,0.3333333333333333,0.3333333333333134
365,0.3333333333333333,0.3333333333333134
366,0.3333333333333333,0.3333333333333134
367,0.3333333333333333,0.3333333333333134
368,0.3333333333333333,0.3333333333333134
369,0.3333333333333333,0.3333333333333134
370,0.3333333333333333,0.3333333333333134
371,0.3333333333333333,0.3333333333333134
372,0.3333333333333333,0.3333333333333134
373,0.3333333333333333,0.3333333333333134
374,0.3333333333333333,0.3333333333333134
375,0.3333333333333333,0.3333333333333134
376,0.3333333333333333,0.3333333333333134
377,0.3333333333333333,0.3333333333333134
378,0.3333333333333333,0.3333333333333134
379,0.3333333333333333,0.3333333333333134
380,0.3333333333333333,0.3333333333333134
381,0.3333333333333333,0.3333333333333134
382,0.3333333333333333,0.3333333333333134
383,0.3333333333333333,0.3333333333333134
384,0.3333333333333333,0.3333333333333134
385,0.3333333333333333,0.3333333333333134
386,0.3333333333333333,0.3333333333333134
387,0.3333333333333333,0.3333333333333134
388,0.3333333333333333,0.3333333333333134
389,0.3333333333333333,0.3333333333333134
390,0.3333333333333333,0.3333333333333134
391,0.3333333333333333,0.3333333333333134
392,0.3333333333333333,0.3333333333333134
393,0.3333333333333333,0.3333333333333134
394,0.3333333333333333,0.3333333333333134
395,0.3333333333333333,0.3333333333333134
396,0.3333333333333333,0.3333333333333134
397,0.3333333333333333,0.3333333333333134
398,0.3333333333333333,0.3333333333333134
399,0.3333333333333333,0.3333333333333134
400,0.3333333333333333,0.3333333333333134
401,0.3333333333333333,0.3333333333333134
402,0.3333333333333333,0.3333333333333134
403,0.3333333333333333,0.3333333333333134
404,0.3333333333333333,0.3333333333333134
405,0.3333333333333333,0.3333333333333134
406,0.3333333333333333,0.3333333333333134
407,0.3333333333333333,0.3333333333333134
408,0.3333333333333333,0.3333333333333134
409,0.3333333333333333,0.3333333333333134
410,0.3333333333333333,0.3333333333333134
411,0.3333333333333333,0.3333333333333134
412,0.3333333333333333,0.3333333333333134
413,0.3333333333333333,0.3333333333333134
414,0.3333333333333333,0.3333333333333134
415,0.3333333333333333,0.3333333333333134
416,0.3333333333333333,0.3333333333333134
417,0.3333333333333333,0.3333333333333134
418,0.3333333333333333,0.3333333333333134
419,0.3333333333333333,0.3333333333333134
420,0.3333333333333333,0.3333333333333134
421,0.3333333333333333,0.3333333333333134
422,0.3333333333333333,0.3333333333333134
423,0.3333333333333333,0.3333333333333134
424,0.3333333333333333,0.3333333333333134
425,0.3333333333333333,0.3333333333333134
426,0.3333333333333333,0.3333333333333134
427,0.3333333333333333,0.3333333333333134
428,0.3333333333333333,0.3333333333333134
429,0.3333333333333333,0.3333333333333134
430,0.3333333333333333,0.3333333333333134
431,0.3333333333333333,0.3333333333333134
432,0.3333333333333333,0.3333333333333134
433,0.3333333333333333,0.3333333333333134
434,0.3333333333333333,0.3333333333333134
435,0.3333333333333333,0.3333333333333134
436,0.3333333333333333,0.3333333333333134
437,0.3333333333333333,0.3333333333333134
438,0.3333333333333333,0.3333333333333134
439,0.3333333333333333,0.3333333333333134
440,0.3333333333333333,0.3333333333333134
441,0.3333333333333333,0.3333333333333134
442,0.3333333333333333,0.3333333333333134
443,0.3333333333333333,0.3333333333333134
444,0.3333333333333333,0.3333333333333134
445,0.3333333333333333,0.3333333333333134
446,0.3333333333333333,0.3333333333333134
447,0.3333333333333333,0.3333333333333134
448,0.3333333333333333,0.3333333333333134
449,0.3333333333333333,0.3333333333333134
450,0.3333333333333333,0.3333333333333134
451,0.3333333333333333,0.3333333333333134
452,0.3333333333333333,0.3333333333333134
453,0.3333333333333333,0.3333333333333134
454,0.3333333333333333,0.3333333333333134
455,0.3333333333333333,0.3333333333333134
456,0.3333333333333333,0.3333333333333134
457,0.3333333333333333,0.3333333333333134
458,0.3333333333333333,0.3333333333333134
459,0.3333333333333333,0.3333333333333134
460,0.3333333333333333,0.3333333333333134
461,0.3333333333333333,0.3333333333333134
462,0.3333333333333333,0.3333333333333134
463,0.3333333333333333,0.3333333333333134
464,0.3333333333333333,0.3333333333333134
465,0.3333333333333333,0.3333333333333134
466,0.3333333333333333,0.3333333333333134
467,0.3333333333333333,0.3333333333333134
468,0.3333333333333333,0.3333333333333134
469,0.3333333333333333,0.3333333333333134
470,0.3333333333333333,0.3333333333333134
471,0.3333333333333333,0.3333333333333134
472,0.3333333333333333,0.3333333333333134
473,0.3333333333333333,0.3333333333333134
474,0.3333333333333333,0.3333333333333134
475,0.3333333333333333,0.3333333333333134
476,0.3333333333333333,0.3333333333333134
477,0.3333333333333333,0.3333333333333134
478,0.3333333333333333,0.3333333333333134
479,0.3333333333333333,0.3333333333333134
480,0.3333333333333333,0.3333333333333134
481,0.3333333333333333,0.3333333333333134
482,0.3333333333333333,0.3333333333333134
483,0.3333333333333333,0.3333333333333134
484,0.3333333333333333,0.3333333333333134
485,0.3333333333333333,0.3333333333333134
486,0.3333333333333333,0.3333333333333134
487,0.3333333333333333,0.3333333333333134
488,0.3333333333333333,0.3333333333333134
489,0.3333333333333333,0.3333333333333134
490,0.3333333333333333,0.3333333333333134
491,0.3333333333333333,0.3333333333333134
492,0.3333333333333333,0.3333333333333134
493,0.3333333333333333,0.3333333333333134
494,0.3333333333333333,0.3333333333333134
495,0.3333333333333333,0.3333333333333134
496,0.3333333333333333,0.3333333333333134
497,0.3333333333333333,0.3333333333333134
498,0.3333333333333333,0.3333333333333134
499,0.3333333333333333,0.3333333333333134
Generation,Fittest,Average,47
1,0.07142857142857142,0.032098732908283294
2,0.07142857142857142,0.03472091635178466
3,0.07142857142857142,0.03708442163484538
4,0.07142857142857142,0.03934155335451977
5,0.07142857142857142,0.04151737369423476
6,0.07142857142857142,0.04340785552309151
7,0.07692307692307693,0.04578851781783678
8,0.1,0.04867669685923594
9,0.1,0.05241104761144535
10,0.125,0.057442272369336855
11,0.125,0.06412001394225897
12,0.125,0.07090268750410196
13,0.14285714285714285,0.07558969579607014
14,0.14285714285714285,0.08128646317306468
15,0.16666666666666666,0.08932672921338324
16,0.16666666666666666,0.09858573171496157
17,0.16666666666666666,0.10886353632865262
18,0.16666666666666666,0.11922050485461955
19,0.16666666666666666,0.12839063381063123
20,0.2,0.13598895382395768
21,0.2,0.14444952380952705
22,0.2,0.15196888888888552
23,0.25,0.16082380952380154
24,0.25,0.1712622222222113
25,0.25,0.1812292063491868
26,0.25,0.1939298412698387
27,0.25,0.2081909523809725
28,0.25,0.2214766666666926
29,0.25,0.23850000000001045
30,0.25,0.24887333333333436
31,0.25,0.24998333333333334
32,0.25,0.24999000000000002
33,0.25,0.25
34,0.25,0.25
35,0.25,0.2499666666666667
36,0.25,0.2499666666666667
37,0.25,0.25
38,0.25,0.24995000000000003
39,0.25,0.2499333333333334
40,0.25,0.24995000000000003
41,0.25,0.25
42,0.25,0.25
43,0.25,0.2499666666666667
44,0.25,0.24998333333333334
45,0.25,0.24998333333333334
46,0.25,0.24995000000000003
47,0.25,0.24998333333333334
48,0.25,0.2499666666666667
49,0.25,0.24991666666666673
50,0.25,0.24998333333333334
51,0.25,0.25
52,0.25,0.24998333333333334
53,0.25,0.24998333333333334
54,0.25,0.24998333333333334
55,0.25,0.25
56,0.25,0.2499666666666667
57,0.25,0.25
58,0.25,0.24998333333333334
59,0.25,0.25
60,0.25,0.24998333333333334
61,0.25,0.25
62,0.25,0.25
63,0.25,0.24998333333333334
64,0.25,0.25
65,0.25,0.25
66,0.25,0.25
67,0.25,0.25
68,0.25,0.25
69,0.25,0.25
70,0.25,0.25
71,0.25,0.25
72,0.25,0.25
73,0.25,0.25
74,0.25,0.25
75,0.25,0.25
76,0.25,0.25
77,0.25,0.25
78,0.25,0.25
79,0.25,0.25
80,0.25,0.25
81,0.25,0.25
82,0.25,0.25
83,0.25,0.25
84,0.25,0.25
85,0.25,0.25
86,0.25,0.25
87,0.25,0.25
88,0.25,0.25
89,0.25,0.25
90,0.25,0.25
91,0.25,0.25
92,0.25,0.25
93,0.25,0.25
94,0.25,0.25
95,0.25,0.25
96,0.25,0.25
97,0.25,0.25
98,0.25,0.25
99,0.25,0.25
100,0.25,0.25
101,0.25,0.25
102,0.25,0.25
103,0.25,0.25
104,0.25,0.25
105,0.25,0.25
106,0.25,0.25
107,0.25,0.25
108,0.25,0.25
109,0.25,0.25
110,0.25,0.25
111,0.25,0.25
112,0.25,0.25
113,0.25,0.25
114,0.25,0.25
115,0.25,0.25
116,0.25,0.25
117,0.25,0.25
118,0.25,0.25
119,0.25,0.25
120,0.25,0.25
121,0.25,0.25
122,0.25,0.25
123,0.25,0.25
124,0.25,0.25
125,0.25,0.25
126,0.25,0.25
127,0.25,0.25
128,0.25,0.25
129,0.25,0.25
130,0.25,0.25
131,0.25,0.25
132,0.25,0.25
133,0.25,0.25
134,0.25,0.25
135,0.25,0.25
136,0.25,0.25
137,0.25,0.25
138,0.25,0.25
139,0.25,0.25
140,0.25,0.25
141,0.25,0.25
142,0.25,0.25
143,0.25,0.25
144,0.25,0.25
145,0.25,0.25
146,0.25,0.25
147,0.25,0.25
148,0.25,0.25
149,0.25,0.25
150,0.25,0.25
151,0.25,0.25
152,0.25,0.25
153,0.25,0.25
154,0.25,0.25
155,0.25,0.25
156,0.25,0.25
157,0.25,0.25
158,0.25,0.25
159,0.25,0.25
160,0.25,0.25
161,0.25,0.25
162,0.25,0.25
163,0.25,0.25
164,0.25,0.25
165,0.25,0.25
166,0.25,0.25
167,0.25,0.25
168,0.25,0.25
169,0.25,0.25
170,0.25,0.25
171,0.25,0.25
172,0.25,0.25
173,0.25,0.25
174,0.25,0.25
175,0.25,0.25
176,0.25,0.25
177,0.25,0.25
178,0.25,0.25
179,0.25,0.25
180,0.25,0.25
181,0.25,0.25
182,0.25,0.25
183,0.25,0.25
184,0.25,0.25
185,0.25,0.25
186,0.25,0.25
187,0.25,0.25
188,0.25,0.25
189,0.25,0.25
190,0.25,0.25
191,0.25,0.25
192,0.25,0.25
193,0.25,0.25
194,0.25,0.25
195,0.25,0.25
196,0.25,0.25
197,0.25,0.25
198,0.25,0.25
199,0.25,0.25
200,0.25,0.25
201,0.25,0.25
202,0.25,0.25
203,0.25,0.25
204,0.25,0.25
205,0.25,0.25
206,0.25,0.25
207,0.25,0.25
208,0.25,0.25
209,0.25,0.25
210,0.25,0.25
211,0.25,0.25
212,0.25,0.25
213,0.25,0.25
214,0.25,0.25
215,0.25,0.25
216,0.25,0.25
217,0.25,0.25
218,0.25,0.25
219,0.25,0.25
220,0.25,0.25
221,0.25,0.25
222,0.25,0.25
223,0.25,0.25
224,0.25,0.25
225,0.25,0.25
226,0.25,0.25
227,0.25,0.25
228,0.25,0.25
229,0.25,0.25
230,0.25,0.25
231,0.25,0.25
232,0.25,0.25
233,0.25,0.25
234,0.25,0.25
235,0.25,0.25
236,0.25,0.25
237,0.25,0.25
238,0.25,0.25
239,0.25,0.25
240,0.25,0.25
241,0.25,0.25
242,0.25,0.25
243,0.25,0.25
244,0.25,0.25
245,0.25,0.25
246,0.25,0.25
247,0.25,0.25
248,0.25,0.25
249,0.25,0.25
250,0.25,0.25
251,0.25,0.25
252,0.25,0.25
253,0.25,0.25
254,0.25,0.25
255,0.25,0.25
256,0.25,0.25
257,0.25,0.25
258,0.25,0.25
259,0.25,0.25
260,0.25,0.25
261,0.25,0.25
262,0.25,0.25
263,0.25,0.25
264,0.25,0.25
265,0.25,0.25
266,0.25,0.25
267,0.25,0.25
268,0.25,0.25
269,0.25,0.25
270,0.25,0.25
271,0.25,0.25
272,0.25,0.25
273,0.25,0.25
274,0.25,0.25
275,0.25,0.25
276,0.25,0.25
277,0.25,0.25
278,0.25,0.25
279,0.25,0.25
280,0.25,0.25
281,0.25,0.25
282,0.25,0.25
283,0.25,0.25
284,0.25,0.25
285,0.25,0.25
286,0.25,0.25
287,0.25,0.25
288,0.25,0.25
289,0.25,0.25
290,0.25,0.25
291,0.25,0.25
292,0.25,0.25
293,0.25,0.25
294,0.25,0.25
295,0.25,0.25
296,0.25,0.25
297,0.25,0.25
298,0.25,0.25
299,0.25,0.25
300,0.25,0.25
301,0.25,0.25
302,0.25,0.25
303,0.25,0.25
304,0.25,0.25
305,0.25,0.25
306,0.25,0.25
307,0.25,0.25
308,0.25,0.25
309,0.25,0.25
310,0.25,0.25
311,0.25,0.25
312,0.25,0.25
313,0.25,0.25
314,0.25,0.25
315,0.25,0.25
316,0.25,0.25
317,0.25,0.25
318,0.25,0.25
319,0.25,0.25
320,0.25,0.25
321,0.25,0.25
322,0.25,0.25
323,0.25,0.25
324,0.25,0.25
325,0.25,0.25
326,0.25,0.25
327,0.25,0.25
328,0.25,0.25
329,0.25,0.25
330,0.25,0.25
331,0.25,0.25
332,0.25,0.25
333,0.25,0.25
334,0.25,0.25
335,0.25,0.25
336,0.25,0.25
337,0.25,0.25
338,0.25,0.25
339,0.25,0.25
340,0.25,0.25
341,0.25,0.25
342,0.25,0.25
343,0.25,0.25
344,0.25,0.25
345,0.25,0.25
346,0.25,0.25
347,0.25,0.25
348,0.25,0.25
349,0.25,0.25
350,0.25,0.25
351,0.25,0.25
352,0.25,0.25
353,0.25,0.25
354,0.25,0.25
355,0.25,0.25
356,0.25,0.25
357,0.25,0.25
358,0.25,0.25
359,0.25,0.25
360,0.25,0.25
361,0.25,0.25
362,0.25,0.25
363,0.25,0.25
364,0.25,0.25
365,0.25,0.25
366,0.25,0.25
367,0.25,0.25
368,0.25,0.25
369,0.25,0.25
370,0.25,0.25
371,0.25,0.25
372,0.25,0.25
373,0.25,0.25
374,0.25,0.25
375,0.25,0.25
376,0.25,0.25
377,0.25,0.25
378,0.25,0.25
379,0.25,0.25
380,0.25,0.25
381,0.25,0.25
382,0.25,0.25
383,0.25,0.25
384,0.25,0.25
385,0.25,0.25
386,0.25,0.25
387,0.25,0.25
388,0.25,0.25
389,0.25,0.25
390,0.25,0.25
391,0.25,0.25
392,0.25,0.25
393,0.25,0.25
394,0.25,0.25
395,0.25,0.25
396,0.25,0.25
397,0.25,0.25
398,0.25,0.25
399,0.25,0.25
400,0.25,0.25
401,0.25,0.25
402,0.25,0.25
403,0.25,0.25
404,0.25,0.25
405,0.25,0.25
406,0.25,0.25
407,0.25,0.25
408,0.25,0.25
409,0.25,0.25
410,0.25,0.25
411,0.25,0.25
412,0.25,0.25
413,0.25,0.25
414,0.25,0.25
415,0.25,0.25
416,0.25,0.25
417,0.25,0.25
418,0.25,0.25
419,0.25,0.25
420,0.25,0.25
421,0.25,0.25
422,0.25,0.25
423,0.25,0.25
424,0.25,0.25
425,0.25,0.25
426,0.25,0.25
427,0.25,0.25
428,0.25,0.25
429,0.25,0.25
430,0.25,0.25
431,0.25,0.25
432,0.25,0.25
433,0.25,0.25
434,0.25,0.25
435,0.25,0.25
436,0.25,0.25
437,0.25,0.25
438,0.25,0.25
439,0.25,0.25
440,0.25,0.25
441,0.25,0.25
442,0.25,0.25
443,0.25,0.25
444,0.25,0.25
445,0.25,0.25
446,0.25,0.25
447,0.25,0.25
448,0.25,0.25
449,0.25,0.25
450,0.25,0.25
451,0.25,0.25
452,0.25,0.25
453,0.25,0.25
454,0.25,0.25
455,0.25,0.25
456,0.25,0.25
457,0.25,0.25
458,0.25,0.25
459,0.25,0.25
460,0.25,0.25
461,0.25,0.25
462,0.25,0.25
463,0.25,0.25
464,0.25,0.25
465,0.25,0.25
466,0.25,0.25
467,0.25,0.25
468,0.25,0.25
469,0.25,0.25
470,0.25,0.25
471,0.25,0.25
472,0.25,0.25
473,0.25,0.25
474,0.25,0.25
475,0.25,0.25
476,0.25,0.25
477,0.25,0.25
478,0.25,0.25
479,0.25,0.25
480,0.25,0.25
481,0.25,0.25
482,0.25,0.25
483,0.25,0.25
484,0.25,0.25
485,0.25,0.25
486,0.25,0.25
487,0.25,0.25
488,0.25,0.25
489,0.25,0.25
490,0.25,0.25
491,0.25,0.25
492,0.25,0.25
493,0.25,0.25
494,0.25,0.25
495,0.25,0.25
496,0.25,0.25
497,0.25,0.25
498,0.25,0.25
499,0.25,0.25
Generation,Fittest,Average,8
1,0.05555555555555555,0.03215261208585755
2,0.05555555555555555,0.03478838783488891
3,0.06666666666666667,0.037115001879610234
4,0.06666666666666667,0.039206316143945784
5,0.06666666666666667,0.04110570484787386
6,0.07692307692307693,0.04314854613359393
7,0.08333333333333333,0.04503931779524431
8,0.09090909090909091,0.047027713459893886
9,0.09090909090909091,0.049158156024784745
10,0.09090909090909091,0.05124051597777783
11,0.09090909090909091,0.053565830613544634
12,0.125,0.055780705712164605
13,0.125,0.05836241361251485
14,0.125,0.06093173964270928
15,0.125,0.06408414870630384
16,0.125,0.06739638507377883
17,0.125,0.07111520863993788
18,0.125,0.07583139315723106
19,0.125,0.08144527791394437
20,0.125,0.08707372584346532
21,0.14285714285714285,0.09246565491638331
22,0.14285714285714285,0.0995096920451031
23,0.14285714285714285,0.10990676010661109
24,0.16666666666666666,0.12206544458981079
25,0.16666666666666666,0.12568755411255406
26,0.16666666666666666,0.12765062435500496
27,0.16666666666666666,0.13127658730158628
28,0.16666666666666666,0.13674642857143457
29,0.16666666666666666,0.1425469047619054
30,0.16666666666666666,0.14546269841269777
31,0.16666666666666666,0.1489843722943707
32,0.16666666666666666,0.1543634920634874
33,0.16666666666666666,0.16131706349205607
34,0.16666666666666666,0.16495515873015004
35,0.16666666666666666,0.1658051587301495
36,0.16666666666666666,0.1657956349206257
37,0.16666666666666666,0.1657968253968162
38,0.16666666666666666,0.1659031746031653
39,0.16666666666666666,0.16609246031745087
40,0.16666666666666666,0.16625833333332374
41,0.16666666666666666,0.16622380952379995
42,0.16666666666666666,0.16634166666665698
43,0.16666666666666666,0.16637023809522838
44,0.16666666666666666,0.16638412698411725
45,0.16666666666666666,0.1664861111111013
46,0.16666666666666666,0.16657380952379963
47,0.16666666666666666,0.16656746031745043
48,0.16666666666666666,0.16660555555554563
49,0.16666666666666666,0.1666333333333234
50,0.16666666666666666,0.1666333333333234
51,0.16666666666666666,0.16664999999999003
52,0.16666666666666666,0.16665833333332336
53,0.16666666666666666,0.16664166666665672
54,0.16666666666666666,0.1666666666666567
55,0.16666666666666666,0.1666666666666567
56,0.16666666666666666,0.1666666666666567
57,0.16666666666666666,0.1666666666666567
58,0.16666666666666666,0.1666666666666567
59,0.16666666666666666,0.1666666666666567
60,0.16666666666666666,0.1666666666666567
61,0.16666666666666666,0.1666666666666567
62,0.16666666666666666,0.1666666666666567
63,0.16666666666666666,0.1666666666666567
64,0.16666666666666666,0.1666666666666567
65,0.16666666666666666,0.1666666666666567
66,0.16666666666666666,0.1666666666666567
67,0.16666666666666666,0.1666666666666567
68,0.16666666666666666,0.1666666666666567
69,0.16666666666666666,0.1666666666666567
70,0.16666666666666666,0.1666666666666567
71,0.16666666666666666,0.1666666666666567
72,0.16666666666666666,0.1666666666666567
73,0.16666666666666666,0.1666666666666567
74,0.16666666666666666,0.1666666666666567
75,0.16666666666666666,0.1666666666666567
76,0.16666666666666666,0.1666666666666567
77,0.16666666666666666,0.1666666666666567
78,0.16666666666666666,0.1666666666666567
79,0.16666666666666666,0.1666666666666567
80,0.16666666666666666,0.1666666666666567
81,0.16666666666666666,0.1666666666666567
82,0.16666666666666666,0.1666666666666567
83,0.16666666666666666,0.1666666666666567
84,0.16666666666666666,0.1666666666666567
85,0.16666666666666666,0.1666666666666567
86,0.16666666666666666,0.1666666666666567
87,0.16666666666666666,0.1666666666666567
88,0.16666666666666666,0.1666666666666567
89,0.16666666666666666,0.1666666666666567
90,0.16666666666666666,0.1666666666666567
91,0.16666666666666666,0.1666666666666567
92,0.16666666666666666,0.1666666666666567
93,0.16666666666666666,0.1666666666666567
94,0.16666666666666666,0.1666666666666567
95,0.16666666666666666,0.1666666666666567
96,0.16666666666666666,0.1666666666666567
97,0.16666666666666666,0.1666666666666567
98,0.16666666666666666,0.1666666666666567
99,0.16666666666666666,0.1666666666666567
100,0.16666666666666666,0.1666666666666567
101,0.16666666666666666,0.1666666666666567
102,0.16666666666666666,0.1666666666666567
103,0.16666666666666666,0.1666666666666567
104,0.16666666666666666,0.1666666666666567
105,0.16666666666666666,0.1666666666666567
106,0.16666666666666666,0.1666666666666567
107,0.16666666666666666,0.1666666666666567
108,0.16666666666666666,0.1666666666666567
109,0.16666666666666666,0.1666666666666567
110,0.16666666666666666,0.1666666666666567
111,0.16666666666666666,0.1666666666666567
112,0.16666666666666666,0.1666666666666567
113,0.16666666666666666,0.1666666666666567
114,0.16666666666666666,0.1666666666666567
115,0.16666666666666666,0.1666666666666567
116,0.16666666666666666,0.1666666666666567
117,0.16666666666666666,0.1666666666666567
118,0.16666666666666666,0.1666666666666567
119,0.16666666666666666,0.1666666666666567
120,0.16666666666666666,0.1666666666666567
121,0.16666666666666666,0.1666666666666567
122,0.16666666666666666,0.1666666666666567
123,0.16666666666666666,0.1666666666666567
124,0.16666666666666666,0.1666666666666567
125,0.16666666666666666,0.1666666666666567
126,0.16666666666666666,0.1666666666666567
127,0.16666666666666666,0.1666666666666567
128,0.16666666666666666,0.1666666666666567
129,0.16666666666666666,0.1666666666666567
130,0.16666666666666666,0.1666666666666567
131,0.16666666666666666,0.1666666666666567
132,0.16666666666666666,0.1666666666666567
133,0.16666666666666666,0.1666666666666567
134,0.16666666666666666,0.1666666666666567
135,0.16666666666666666,0.1666666666666567
136,0.16666666666666666,0.1666666666666567
137,0.16666666666666666,0.1666666666666567
138,0.16666666666666666,0.1666666666666567
139,0.16666666666666666,0.1666666666666567
140,0.16666666666666666,0.1666666666666567
141,0.16666666666666666,0.1666666666666567
142,0.16666666666666666,0.1666666666666567
143,0.16666666666666666,0.1666666666666567
144,0.16666666666666666,0.1666666666666567
145,0.16666666666666666,0.1666666666666567
146,0.16666666666666666,0.1666666666666567
147,0.16666666666666666,0.1666666666666567
148,0.16666666666666666,0.1666666666666567
149,0.16666666666666666,0.1666666666666567
150,0.16666666666666666,0.1666666666666567
151,0.16666666666666666,0.1666666666666567
152,0.16666666666666666,0.1666666666666567
153,0.16666666666666666,0.1666666666666567
154,0.16666666666666666,0.1666666666666567
155,0.16666666666666666,0.1666666666666567
156,0.16666666666666666,0.1666666666666567
157,0.16666666666666666,0.1666666666666567
158,0.16666666666666666,0.1666666666666567
159,0.16666666666666666,0.1666666666666567
160,0.16666666666666666,0.1666666666666567
161,0.16666666666666666,0.1666666666666567
162,0.16666666666666666,0.1666666666666567
163,0.16666666666666666,0.1666666666666567
164,0.16666666666666666,0.1666666666666567
165,0.16666666666666666,0.1666666666666567
166,0.16666666666666666,0.1666666666666567
167,0.16666666666666666,0.1666666666666567
168,0.16666666666666666,0.1666666666666567
169,0.16666666666666666,0.1666666666666567
170,0.16666666666666666,0.1666666666666567
171,0.16666666666666666,0.1666666666666567
172,0.16666666666666666,0.1666666666666567
173,0.16666666666666666,0.1666666666666567
174,0.16666666666666666,0.1666666666666567
175,0.16666666666666666,0.1666666666666567
176,0.16666666666666666,0.1666666666666567
177,0.16666666666666666,0.1666666666666567
178,0.16666666666666666,0.1666666666666567
179,0.16666666666666666,0.1666666666666567
180,0.16666666666666666,0.1666666666666567
181,0.16666666666666666,0.1666666666666567
182,0.16666666666666666,0.1666666666666567
183,0.16666666666666666,0.1666666666666567
184,0.16666666666666666,0.1666666666666567
185,0.16666666666666666,0.1666666666666567
186,0.16666666666666666,0.1666666666666567
187,0.16666666666666666,0.1666666666666567
188,0.16666666666666666,0.1666666666666567
189,0.16666666666666666,0.1666666666666567
190,0.16666666666666666,0.1666666666666567
191,0.16666666666666666,0.1666666666666567
192,0.16666666666666666,0.1666666666666567
193,0.16666666666666666,0.1666666666666567
194,0.16666666666666666,0.1666666666666567
195,0.16666666666666666,0.1666666666666567
196,0.16666666666666666,0.1666666666666567
197,0.16666666666666666,0.1666666666666567
198,0.16666666666666666,0.1666666666666567
199,0.16666666666666666,0.1666666666666567
200,0.16666666666666666,0.1666666666666567
201,0.16666666666666666,0.1666666666666567
202,0.16666666666666666,0.1666666666666567
203,0.16666666666666666,0.1666666666666567
204,0.16666666666666666,0.1666666666666567
205,0.16666666666666666,0.1666666666666567
206,0.16666666666666666,0.1666666666666567
207,0.16666666666666666,0.1666666666666567
208,0.16666666666666666,0.1666666666666567
209,0.16666666666666666,0.1666666666666567
210,0.16666666666666666,0.1666666666666567
211,0.16666666666666666,0.1666666666666567
212,0.16666666666666666,0.1666666666666567
213,0.16666666666666666,0.1666666666666567
214,0.16666666666666666,0.1666666666666567
215,0.16666666666666666,0.1666666666666567
216,0.16666666666666666,0.1666666666666567
217,0.16666666666666666,0.1666666666666567
218,0.16666666666666666,0.1666666666666567
219,0.16666666666666666,0.1666666666666567
220,0.16666666666666666,0.1666666666666567
221,0.16666666666666666,0.1666666666666567
222,0.16666666666666666,0.1666666666666567
223,0.16666666666666666,0.1666666666666567
224,0.16666666666666666,0.1666666666666567
225,0.16666666666666666,0.1666666666666567
226,0.16666666666666666,0.1666666666666567
227,0.16666666666666666,0.1666666666666567
228,0.16666666666666666,0.1666666666666567
229,0.16666666666666666,0.1666666666666567
230,0.16666666666666666,0.1666666666666567
231,0.16666666666666666,0.1666666666666567
232,0.16666666666666666,0.1666666666666567
233,0.16666666666666666,0.1666666666666567
234,0.16666666666666666,0.1666666666666567
235,0.16666666666666666,0.1666666666666567
236,0.16666666666666666,0.1666666666666567
237,0.16666666666666666,0.1666666666666567
238,0.16666666666666666,0.1666666666666567
239,0.16666666666666666,0.1666666666666567
240,0.16666666666666666,0.1666666666666567
241,0.16666666666666666,0.1666666666666567
242,0.16666666666666666,0.1666666666666567
243,0.16666666666666666,0.1666666666666567
244,0.16666666666666666,0.1666666666666567
245,0.16666666666666666,0.1666666666666567
246,0.16666666666666666,0.1666666666666567
247,0.16666666666666666,0.1666666666666567
248,0.16666666666666666,0.1666666666666567
249,0.16666666666666666,0.1666666666666567
250,0.16666666666666666,0.1666666666666567
251,0.16666666666666666,0.1666666666666567
252,0.16666666666666666,0.1666666666666567
253,0.16666666666666666,0.1666666666666567
254,0.16666666666666666,0.1666666666666567
255,0.16666666666666666,0.1666666666666567
256,0.16666666666666666,0.1666666666666567
257,0.16666666666666666,0.1666666666666567
258,0.16666666666666666,0.1666666666666567
259,0.16666666666666666,0.1666666666666567
260,0.16666666666666666,0.1666666666666567
261,0.16666666666666666,0.1666666666666567
262,0.16666666666666666,0.1666666666666567
263,0.16666666666666666,0.1666666666666567
264,0.16666666666666666,0.1666666666666567
265,0.16666666666666666,0.1666666666666567
266,0.16666666666666666,0.1666666666666567
267,0.16666666666666666,0.1666666666666567
268,0.16666666666666666,0.1666666666666567
269,0.16666666666666666,0.1666666666666567
270,0.16666666666666666,0.1666666666666567
271,0.16666666666666666,0.1666666666666567
272,0.16666666666666666,0.1666666666666567
273,0.16666666666666666,0.1666666666666567
274,0.16666666666666666,0.1666666666666567
275,0.16666666666666666,0.1666666666666567
276,0.16666666666666666,0.1666666666666567
277,0.16666666666666666,0.1666666666666567
278,0.16666666666666666,0.1666666666666567
279,0.16666666666666666,0.1666666666666567
280,0.16666666666666666,0.1666666666666567
281,0.16666666666666666,0.1666666666666567
282,0.16666666666666666,0.1666666666666567
283,0.16666666666666666,0.1666666666666567
284,0.16666666666666666,0.1666666666666567
285,0.16666666666666666,0.1666666666666567
286,0.16666666666666666,0.1666666666666567
287,0.16666666666666666,0.1666666666666567
288,0.16666666666666666,0.1666666666666567
289,0.16666666666666666,0.1666666666666567
290,0.16666666666666666,0.1666666666666567
291,0.16666666666666666,0.1666666666666567
292,0.16666666666666666,0.1666666666666567
293,0.16666666666666666,0.1666666666666567
294,0.16666666666666666,0.1666666666666567
295,0.16666666666666666,0.1666666666666567
296,0.16666666666666666,0.1666666666666567
297,0.16666666666666666,0.1666666666666567
298,0.16666666666666666,0.1666666666666567
299,0.16666666666666666,0.1666666666666567
300,0.16666666666666666,0.1666666666666567
301,0.16666666666666666,0.1666666666666567
302,0.16666666666666666,0.1666666666666567
303,0.16666666666666666,0.1666666666666567
304,0.16666666666666666,0.1666666666666567
305,0.16666666666666666,0.1666666666666567
306,0.16666666666666666,0.1666666666666567
307,0.16666666666666666,0.1666666666666567
308,0.16666666666666666,0.1666666666666567
309,0.16666666666666666,0.1666666666666567
310,0.16666666666666666,0.1666666666666567
311,0.16666666666666666,0.1666666666666567
312,0.16666666666666666,0.1666666666666567
313,0.16666666666666666,0.1666666666666567
314,0.16666666666666666,0.1666666666666567
315,0.16666666666666666,0.1666666666666567
316,0.16666666666666666,0.1666666666666567
317,0.16666666666666666,0.1666666666666567
318,0.16666666666666666,0.1666666666666567
319,0.16666666666666666,0.1666666666666567
320,0.16666666666666666,0.1666666666666567
321,0.16666666666666666,0.1666666666666567
322,0.16666666666666666,0.1666666666666567
323,0.16666666666666666,0.1666666666666567
324,0.16666666666666666,0.1666666666666567
325,0.16666666666666666,0.1666666666666567
326,0.16666666666666666,0.1666666666666567
327,0.16666666666666666,0.1666666666666567
328,0.16666666666666666,0.1666666666666567
329,0.16666666666666666,0.1666666666666567
330,0.16666666666666666,0.1666666666666567
331,0.16666666666666666,0.1666666666666567
332,0.16666666666666666,0.1666666666666567
333,0.16666666666666666,0.1666666666666567
334,0.16666666666666666,0.1666666666666567
335,0.16666666666666666,0.1666666666666567
336,0.16666666666666666,0.1666666666666567
337,0.16666666666666666,0.1666666666666567
338,0.16666666666666666,0.1666666666666567
339,0.16666666666666666,0.1666666666666567
340,0.16666666666666666,0.1666666666666567
341,0.16666666666666666,0.1666666666666567
342,0.16666666666666666,0.1666666666666567
343,0.16666666666666666,0.1666666666666567
344,0.16666666666666666,0.1666666666666567
345,0.16666666666666666,0.1666666666666567
346,0.16666666666666666,0.1666666666666567
347,0.16666666666666666,0.1666666666666567
348,0.16666666666666666,0.1666666666666567
349,0.16666666666666666,0.1666666666666567
350,0.16666666666666666,0.1666666666666567
351,0.16666666666666666,0.1666666666666567
352,0.16666666666666666,0.1666666666666567
353,0.16666666666666666,0.1666666666666567
354,0.16666666666666666,0.1666666666666567
355,0.16666666666666666,0.1666666666666567
356,0.16666666666666666,0.1666666666666567
357,0.16666666666666666,0.1666666666666567
358,0.16666666666666666,0.1666666666666567
359,0.16666666666666666,0.1666666666666567
360,0.16666666666666666,0.1666666666666567
361,0.16666666666666666,0.1666666666666567
362,0.16666666666666666,0.1666666666666567
363,0.16666666666666666,0.1666666666666567
364,0.16666666666666666,0.1666666666666567
365,0.16666666666666666,0.1666666666666567
366,0.16666666666666666,0.1666666666666567
367,0.16666666666666666,0.1666666666666567
368,0.16666666666666666,0.1666666666666567
369,0.16666666666666666,0.1666666666666567
370,0.16666666666666666,0.1666666666666567
371,0.16666666666666666,0.1666666666666567
372,0.16666666666666666,0.1666666666666567
373,0.16666666666666666,0.1666666666666567
374,0.16666666666666666,0.1666666666666567
375,0.16666666666666666,0.1666666666666567
376,0.16666666666666666,0.1666666666666567
377,0.16666666666666666,0.1666666666666567
378,0.16666666666666666,0.1666666666666567
379,0.16666666666666666,0.1666666666666567
380,0.16666666666666666,0.1666666666666567
381,0.16666666666666666,0.1666666666666567
382,0.16666666666666666,0.1666666666666567
383,0.16666666666666666,0.1666666666666567
384,0.16666666666666666,0.1666666666666567
385,0.16666666666666666,0.1666666666666567
386,0.16666666666666666,0.1666666666666567
387,0.16666666666666666,0.1666666666666567
388,0.16666666666666666,0.1666666666666567
389,0.16666666666666666,0.1666666666666567
390,0.16666666666666666,0.1666666666666567
391,0.16666666666666666,0.1666666666666567
392,0.16666666666666666,0.1666666666666567
393,0.16666666666666666,0.1666666666666567
394,0.16666666666666666,0.1666666666666567
395,0.16666666666666666,0.1666666666666567
396,0.16666666666666666,0.1666666666666567
397,0.16666666666666666,0.1666666666666567
398,0.16666666666666666,0.1666666666666567
399,0.16666666666666666,0.1666666666666567
400,0.16666666666666666,0.1666666666666567
401,0.16666666666666666,0.1666666666666567
402,0.16666666666666666,0.1666666666666567
403,0.16666666666666666,0.1666666666666567
404,0.16666666666666666,0.1666666666666567
405,0.16666666666666666,0.1666666666666567
406,0.16666666666666666,0.1666666666666567
407,0.16666666666666666,0.1666666666666567
408,0.16666666666666666,0.1666666666666567
409,0.16666666666666666,0.1666666666666567
410,0.16666666666666666,0.1666666666666567
411,0.16666666666666666,0.1666666666666567
412,0.16666666666666666,0.1666666666666567
413,0.16666666666666666,0.1666666666666567
414,0.16666666666666666,0.1666666666666567
415,0.16666666666666666,0.1666666666666567
416,0.16666666666666666,0.1666666666666567
417,0.16666666666666666,0.1666666666666567
418,0.16666666666666666,0.1666666666666567
419,0.16666666666666666,0.1666666666666567
420,0.16666666666666666,0.1666666666666567
421,0.16666666666666666,0.1666666666666567
422,0.16666666666666666,0.1666666666666567
423,0.16666666666666666,0.1666666666666567
424,0.16666666666666666,0.1666666666666567
425,0.16666666666666666,0.1666666666666567
426,0.16666666666666666,0.1666666666666567
427,0.16666666666666666,0.1666666666666567
428,0.16666666666666666,0.1666666666666567
429,0.16666666666666666,0.1666666666666567
430,0.16666666666666666,0.1666666666666567
431,0.16666666666666666,0.1666666666666567
432,0.16666666666666666,0.1666666666666567
433,0.16666666666666666,0.1666666666666567
434,0.16666666666666666,0.1666666666666567
435,0.16666666666666666,0.1666666666666567
436,0.16666666666666666,0.1666666666666567
437,0.16666666666666666,0.1666666666666567
438,0.16666666666666666,0.1666666666666567
439,0.16666666666666666,0.1666666666666567
440,0.16666666666666666,0.1666666666666567
441,0.16666666666666666,0.1666666666666567
442,0.16666666666666666,0.1666666666666567
443,0.16666666666666666,0.1666666666666567
444,0.16666666666666666,0.1666666666666567
445,0.16666666666666666,0.1666666666666567
446,0.16666666666666666,0.1666666666666567
447,0.16666666666666666,0.1666666666666567
448,0.16666666666666666,0.1666666666666567
449,0.16666666666666666,0.1666666666666567
450,0.16666666666666666,0.1666666666666567
451,0.16666666666666666,0.1666666666666567
452,0.16666666666666666,0.1666666666666567
453,0.16666666666666666,0.1666666666666567
454,0.16666666666666666,0.1666666666666567
455,0.16666666666666666,0.1666666666666567
456,0.16666666666666666,0.1666666666666567
457,0.16666666666666666,0.1666666666666567
458,0.16666666666666666,0.1666666666666567
459,0.16666666666666666,0.1666666666666567
460,0.16666666666666666,0.1666666666666567
461,0.16666666666666666,0.1666666666666567
462,0.16666666666666666,0.1666666666666567
463,0.16666666666666666,0.1666666666666567
464,0.16666666666666666,0.1666666666666567
465,0.16666666666666666,0.1666666666666567
466,0.16666666666666666,0.1666666666666567
467,0.16666666666666666,0.1666666666666567
468,0.16666666666666666,0.1666666666666567
469,0.16666666666666666,0.1666666666666567
470,0.16666666666666666,0.1666666666666567
471,0.16666666666666666,0.1666666666666567
472,0.16666666666666666,0.1666666666666567
473,0.16666666666666666,0.1666666666666567
474,0.16666666666666666,0.1666666666666567
475,0.16666666666666666,0.1666666666666567
476,0.16666666666666666,0.1666666666666567
477,0.16666666666666666,0.1666666666666567
478,0.16666666666666666,0.1666666666666567
479,0.16666666666666666,0.1666666666666567
480,0.16666666666666666,0.1666666666666567
481,0.16666666666666666,0.1666666666666567
482,0.16666666666666666,0.1666666666666567
483,0.16666666666666666,0.1666666666666567
484,0.16666666666666666,0.1666666666666567
485,0.16666666666666666,0.1666666666666567
486,0.16666666666666666,0.1666666666666567
487,0.16666666666666666,0.1666666666666567
488,0.16666666666666666,0.1666666666666567
489,0.16666666666666666,0.1666666666666567
490,0.16666666666666666,0.1666666666666567
491,0.16666666666666666,0.1666666666666567
492,0.16666666666666666,0.1666666666666567
493,0.16666666666666666,0.1666666666666567
494,0.16666666666666666,0.1666666666666567
495,0.16666666666666666,0.1666666666666567
496,0.16666666666666666,0.1666666666666567
497,0.16666666666666666,0.1666666666666567
498,0.16666666666666666,0.1666666666666567
499,0.16666666666666666,0.1666666666666567
